url,pdf_deduction,label_deduction,label_defects,banner_bbox,llm_deduction,llm_defects,llm_area_percent,agrees_with_pdf,note
https://www.instagram.com/valorant_funzone/reel/DceO7gsR0w-/,0,0,,161 83 845 194,0,,7.6,yes,баннер VALFUN сверху под таймером
https://youtube.com/shorts/L3wbACRc_v0,0,0,,163 800 837 907,0,,7.2,yes,баннер снизу; в приложении низ чуть касается строки канала
https://www.instagram.com/valorant_funzone/reel/Db3C60btk6E/,0,0,,160 123 839 229,0,,7.0,yes,баннер сверху слева
https://www.instagram.com/valorant_funzone/reel/Dblv_p8RP4T/,0,0,,159 818 836 925,0,,7.3,yes,баннер снизу
https://www.instagram.com/valorant_funzone/reel/DcUEhNgx8Il/,0,0,,152 738 835 842,0,,7.7,yes,баннер снизу
https://www.instagram.com/valorant_funzone/reel/DbRI307xMEy/,0,0,,160 778 835 882,0,,7.3,yes,баннер снизу
https://www.instagram.com/valorant_funzone/reel/DcGL4wUxUuD/,0,0,,158 113 841 219,0,,7.2,yes,баннер сверху
https://www.instagram.com/valorant_funzone/reel/Db4DAa2NxKI/,0,0,,161 121 839 228,0,,7.2,yes,баннер сверху
https://www.instagram.com/valorant_funzone/reel/DcRQaD_tcXY/,0,0,,160 736 838 842,0,,7.0,yes,баннер снизу
https://www.instagram.com/valorant_funzone/reel/DcY1F51tIBW/,0,0,,160 755 840 860,0,,7.1,yes,баннер снизу
https://www.instagram.com/valorant_funzone/reel/DcJZgGcNDlR/,0,0,,160 786 840 871,0,,6.3,yes,баннер снизу; самый мелкий среди оплаченных (~5.8%)
https://www.instagram.com/valorant_funzone/reel/Dbq3G4QR9m-/,0,0,,163 732 835 839,0,,7.2,yes,баннер снизу
https://www.instagram.com/valorant_funzone/reel/DcTCcOaxKs2/,0,0,,162 738 838 850,0,,7.4,yes,баннер снизу
https://youtube.com/shorts/0EtNvHzbBzI,0,0,,161 780 839 887,0,,7.2,yes,баннер снизу; в приложении не перекрыт (нет Auto-dubbed)
https://www.instagram.com/valorant_funzone/reel/DcCCzPcR4fy/,0,0,,160 758 840 866,0,,7.1,yes,баннер снизу
https://www.instagram.com/valorant_funzone/reel/Dbghg_3RrsX/,0,0,,163 78 838 185,0,,7.1,yes,баннер сверху
https://www.instagram.com/valorant_funzone/reel/DcN8OaeNgED/,0,0,,161 741 838 846,0,,7.1,yes,баннер снизу
https://www.instagram.com/valorant_funzone/reel/DbvW6YmNIFm/,0,0,,158 706 828 812,0,,7.2,yes,баннер снизу
https://www.instagram.com/valorant_funzone/reel/Db6eg4uRREF/,0,0,,162 748 838 856,0,,7.6,yes,баннер снизу
https://www.instagram.com/valorant_funzone/reel/Dbfo3kdt5eh/,0,0,,165 749 835 853,0,,7.0,yes,баннер снизу
https://www.instagram.com/reel/Dcdl9dgSEHd/,20,,,,,,,unavailable,ролик недоступен
https://www.instagram.com/reel/DceDd2CSt-I/,20,,,,,,,unavailable,ролик недоступен
https://www.instagram.com/reel/Dcf7D7wxU_O/,20,,,,,,,unavailable,ролик недоступен
https://www.instagram.com/reel/Dcgotn4yNLM/,20,,,,,,,unavailable,ролик недоступен
https://www.instagram.com/reel/DcgZ6kNyIzK/,20,,,,,,,unavailable,ролик недоступен
https://www.instagram.com/reel/DccpaIzRIYY/,20,,,,,,,unavailable,ролик недоступен
https://www.youtube.com/shorts/zdlghervyTA,20,,,,,,,unavailable,ролик недоступен
https://youtube.com/shorts/oQYX8pG0C00,100,0,,160 770 838 870,0,,6.9,NO,постоянный интерфейс Shorts баннер не закрывает; закрывают только динамические плашки Auto-dubbed и поиска — их не учитываем
https://youtube.com/shorts/AVC3rnBrU-g,100,0,,161 775 836 882,0,,7.3,NO,постоянный интерфейс не закрывает (край лишь упирается в колонку кнопок); Auto-dubbed не учитываем
https://youtube.com/shorts/pHnEB8JZVvk,100,0,,156 100 840 206,0,,7.2,NO,иконка поиска задевает только декоративный угол; лого/текст/промокод чистые
https://www.youtube.com/shorts/l61Dbe8bBJ0,30,30,too_small,137 686 862 749,30,too_small,4.7,yes,мелкий баннер PoE DIVINE ORBS
https://www.youtube.com/shorts/aeZqhihqpHk,30,30,too_small,,30,too_small,4.9,yes,мелкий баннер PoE
https://youtube.com/shorts/SxPkIJuv5r8,30,,,,,,,unavailable,ролик недоступен
https://vm.tiktok.com/ZGdxWt2fc/,30,30,too_small,172 708 765 759,30,too_small,3.0,yes,мелкий баннер PoE
https://vm.tiktok.com/ZGdxWckA4/,30,30,too_small,,30,too_small,2.6,yes,мелкий баннер PoE
https://www.instagram.com/reel/DbQGs9HMcOQ/,30,30,too_small,210 122 752 170,30,too_small,2.7,yes,мелкий баннер PoE (~2.6%)
https://www.instagram.com/reel/DbpiVrpMa1j/,20,20,too_small,102 105 879 176,20,too_small,5.3,yes,баннер чуть мелковат (~5.5%) и налезает на игровой текст; правило «слегка мелкий → 20%»
https://www.instagram.com/reel/Dch-ooVRPfo/,20,,,,,,,unavailable,ролик недоступен
https://www.facebook.com/share/r/19ZwChKjBV/,20,20,cut_off_edge,0 222 1000 315,20,cut_off_edge,9.1,yes,баннер упирается в левый край кадра
https://www.facebook.com/share/r/1FA5nGxjfP/,100,100,not_visible,0 13 1000 107,100,cut_off_edge+not_visible,9.4,yes,баннер прижат к самому верху (y≈1–11%) под шапкой приложения
